home_team,away_team,commence_time,vegas_line_raw,vegas_total_raw,market_spread,model_spread,projected_total,edge,edge_display,confidence_pct,spread_pick,spread_pick_display,spread_pick_reason,ou_pick,ou_pick_display,ou_pick_reason,predicted_str,underdog_win,warnings,pick_type,model_line,market_line,edge_value,pick_text
Indiana Pacers,Milwaukee Bucks,2025-11-04T00:00:00Z,6.5,234.5,-6.5,2.5,210.0,9.0,+9.0 pts,77,HOME,BET: HOME,Edge +9.0 -> model favors HOME,UNDER,UNDER,Projected 210.0 < market 234.5,"Indiana Pacers 105.0 , Milwaukee Bucks 105.0",True,[],spread,2.5,-6.5,9.0,HOME -6.5
Brooklyn Nets,Minnesota Timberwolves,2025-11-04T00:10:00Z,9.0,228.5,-9.0,2.5,210.0,11.5,+11.5 pts,96,HOME,BET: HOME,Edge +11.5 -> model favors HOME,UNDER,UNDER,Projected 210.0 < market 228.5,"Brooklyn Nets 105.0 , Minnesota Timberwolves 105.0",True,[],spread,2.5,-9.0,11.5,HOME -9.0
Boston Celtics,Utah Jazz,2025-11-04T00:40:00Z,-10.5,232.5,10.5,2.5,210.0,-8.0,-8.0 pts,69,AWAY,BET: AWAY,Edge -8.0 -> model favors AWAY,UNDER,UNDER,Projected 210.0 < market 232.5,"Boston Celtics 105.0 , Utah Jazz 105.0",False,[],spread,2.5,10.5,-8.0,AWAY +10.5
New York Knicks,Washington Wizards,2025-11-04T00:40:00Z,-11.5,234.5,11.5,2.5,210.0,-9.0,-9.0 pts,77,AWAY,BET: AWAY,Edge -9.0 -> model favors AWAY,UNDER,UNDER,Projected 210.0 < market 234.5,"New York Knicks 105.0 , Washington Wizards 105.0",False,[],spread,2.5,11.5,-9.0,AWAY +11.5
Houston Rockets,Dallas Mavericks,2025-11-04T01:10:00Z,-12.5,225.5,12.5,2.5,210.0,-10.0,-10.0 pts,85,AWAY,BET: AWAY,Edge -10.0 -> model favors AWAY,UNDER,UNDER,Projected 210.0 < market 225.5,"Houston Rockets 105.0 , Dallas Mavericks 105.0",False,[],spread,2.5,12.5,-10.0,AWAY +12.5
Memphis Grizzlies,Detroit Pistons,2025-11-04T01:10:00Z,4.0,236.5,-4.0,2.5,210.0,6.5,+6.5 pts,58,HOME,BET: HOME,Edge +6.5 -> model favors HOME,UNDER,UNDER,Projected 210.0 < market 236.5,"Memphis Grizzlies 105.0 , Detroit Pistons 105.0",True,[],spread,2.5,-4.0,6.5,HOME -4.0
Denver Nuggets,Sacramento Kings,2025-11-04T02:00:00Z,-12.5,236.5,12.5,2.5,210.0,-10.0,-10.0 pts,85,AWAY,BET: AWAY,Edge -10.0 -> model favors AWAY,UNDER,UNDER,Projected 210.0 < market 236.5,"Denver Nuggets 105.0 , Sacramento Kings 105.0",False,[],spread,2.5,12.5,-10.0,AWAY +12.5
Portland Trail Blazers,Los Angeles Lakers,2025-11-04T03:10:00Z,-3.5,234.5,3.5,2.5,210.0,-1.0,-1.0 pts,11,NO_BET,NO_BET,Edge too small (-1.0).,UNDER,UNDER,Projected 210.0 < market 234.5,"Portland Trail Blazers 105.0 , Los Angeles Lakers 105.0",False,[],total,2.5,3.5,-1.0,UNDER
Los Angeles Clippers,Miami Heat,2025-11-04T03:40:00Z,-8.0,230.5,8.0,,,,N/A,,NO_BET,NO_BET,Missing edge.,NO_BET,NO_BET,Missing total info.,"Los Angeles Clippers — , Miami Heat —",False,['Missing team stats -> predictions unavailable'],none,,8.0,,NO_BET
